{
  "item-states": [
    {
      "folded": false,
      "id": "mount-assets"
    },
    {
      "folded": false,
      "id": "0a7180aa-4576-4fa2-b0f5-182a67ed3c33"
    },
    {
      "folded": false,
      "id": "b68e0de3-2f46-4d3e-847c-25e3ffe34a9a"
    },
    {
      "folded": false,
      "id": "f140373e-002e-488e-971d-4390154a58dc"
    },
    {
      "folded": false,
      "id": "bd03f486-edd9-4190-bce4-6e8412d9ac0d"
    },
    {
      "folded": false,
      "id": "c58baa4e-052d-4771-a0bb-8999cf26184b"
    },
    {
      "folded": false,
      "id": "b906cfd8-8e29-4976-add2-b473ed14d24e"
    },
    {
      "folded": false,
      "id": "fb2137a8-4400-436e-a415-0c9df6de25cd"
    },
    {
      "folded": true,
      "id": "8d16bfb1-ee9a-4d9d-8cd6-0079b5680e6f"
    },
    {
      "folded": false,
      "id": "5343a518-1a34-42a5-b44b-11670bb69456"
    },
    {
      "folded": false,
      "id": "dc9fdc47-82d5-4d0a-8377-7ed324818f68"
    },
    {
      "folded": true,
      "id": "16105990-df44-488b-a7e0-800c49ae3790"
    },
    {
      "folded": true,
      "id": "ce379b97-2b79-475a-8537-d3b292c8dde2"
    },
    {
      "folded": true,
      "id": "947a7a24-9207-4400-8eff-31208cb960a8"
    },
    {
      "folded": false,
      "id": "8dab36af-d252-4a9e-917f-dca398b4793a"
    },
    {
      "folded": true,
      "id": "e05865ea-771c-49ef-94b1-409fb6053422"
    },
    {
      "folded": true,
      "id": "a13b0711-3b0b-4d55-b959-e515013291fe"
    },
    {
      "folded": true,
      "id": "368b1363-2b41-4e44-8324-f1ea2bb47aac"
    },
    {
      "folded": true,
      "id": "8956568b-fe01-4993-a5e9-241e5cfafe84"
    },
    {
      "folded": true,
      "id": "0c311683-3939-4239-b2f4-14c449fb53a6"
    },
    {
      "folded": true,
      "id": "38629415-471f-4dae-b0e6-f802cba30b8f"
    },
    {
      "folded": true,
      "id": "9dce0a7c-0660-4aa0-aed3-77a922ed3963"
    },
    {
      "folded": true,
      "id": "6e44e469-40f2-494f-bb81-6bdf1a070b2f"
    },
    {
      "folded": true,
      "id": "abeb299f-79f2-47e2-b64f-160e15c3337d"
    },
    {
      "folded": true,
      "id": "8a9a57bd-15c3-463f-ad9a-016d1b715123"
    },
    {
      "folded": true,
      "id": "ba2a90cb-f034-4ec7-b64c-f31d9847b0ec"
    },
    {
      "folded": true,
      "id": "ace7a44a-2253-4d1b-8c70-32d1f46eb03a"
    },
    {
      "folded": true,
      "id": "18e64e09-e6a3-453c-9326-5db43bbab2e3"
    },
    {
      "folded": true,
      "id": "ee8c729b-8ba9-4f8b-a574-c1d375e0a7de"
    },
    {
      "folded": true,
      "id": "f73c9295-247b-4991-8f90-c6ef841a1617"
    },
    {
      "folded": true,
      "id": "a4eb1362-8df9-41a2-a324-932e318ffaf5"
    },
    {
      "folded": true,
      "id": "3847dabf-191d-4064-a50d-9c0e07be45ba"
    },
    {
      "folded": true,
      "id": "ba5c0ace-3c4d-4fe3-9535-f4080e96c851"
    },
    {
      "folded": true,
      "id": "ebd83e2d-bb39-4dfd-9c9e-06d39dda1911"
    },
    {
      "folded": true,
      "id": "c5fbe3ae-b8cf-4b80-95f6-f200de7719ad"
    },
    {
      "folded": true,
      "id": "8962f55a-615d-4ccc-ad68-0fcd7d9ef02f"
    },
    {
      "folded": true,
      "id": "bb6d6400-0b4f-4b19-a3d5-89969aa390a7"
    }
  ]
}