{
  "version": "1.1.1",
  "windows": {
    "main": {
      "main": true,
      "url": "app://editor/index.html",
      "windowType": "dockable",
      "x": 142,
      "y": 4,
      "width": 1172,
      "height": 713,
      "layout": {
        "children": [
          {
            "children": [
              {
                "active": 0,
                "children": [
                  "hierarchy"
                ],
                "height": 300.984375,
                "type": "panel",
                "width": 204
              },
              {
                "active": 0,
                "children": [
                  "assets"
                ],
                "height": 285,
                "type": "panel",
                "width": 204
              }
            ],
            "height": 589,
            "type": "dock-v",
            "width": 204
          },
          {
            "children": [
              {
                "active": 0,
                "children": [
                  "scene"
                ],
                "height": 359,
                "type": "panel",
                "width": 636
              },
              {
                "active": 0,
                "children": [
                  "console",
                  "timeline"
                ],
                "height": 227,
                "type": "panel",
                "width": 636
              }
            ],
            "height": 589,
            "type": "dock-v",
            "width": 636
          },
          {
            "active": 0,
            "children": [
              "inspector",
              "node-library"
            ],
            "height": 589,
            "type": "panel",
            "width": 304
          }
        ],
        "type": "dock-h"
      },
      "panels": [
        "console",
        "inspector",
        "hierarchy",
        "assets",
        "scene",
        "timeline",
        "node-library"
      ]
    }
  },
  "panels": {
    "code-editor": {
      "x": 356,
      "y": 36,
      "width": 929,
      "height": 666
    },
    "preferences": {
      "x": 432,
      "y": 156,
      "width": 580,
      "height": 564
    },
    "project-settings": {
      "x": 422,
      "y": 156,
      "width": 600,
      "height": 564
    },
    "timeline.event": {
      "x": 512,
      "y": 206,
      "width": 416,
      "height": 438
    },
    "builder": {
      "x": 417,
      "y": 0,
      "width": 516,
      "height": 728
    },
    "sprite-editor": {
      "x": 440,
      "y": 121,
      "width": 516,
      "height": 538
    }
  }
}