{
  "appKey": "",
  "appSecret": "",
  "excludeScenes": [],
  "includeAnySDK": false,
  "includeSdk": [
    "anysdk"
  ],
  "inlineSpriteFrames": true,
  "mergeStartScene": false,
  "oauthLoginServer": "",
  "orientation": {
    "landscapeLeft": true,
    "landscapeRight": true,
    "portrait": false,
    "upsideDown": false
  },
  "packageName": "org.cocos2d.Chess",
  "privateKey": "",
  "renderMode": "0",
  "startScene": "bde88576-97ba-49c9-be60-414081253cbd",
  "title": "Chess",
  "webOrientation": "auto"
}