{
  "0a7180aa-4576-4fa2-b0f5-182a67ed3c33": {
    "asset": 1497787341047,
    "meta": 1504074323753,
    "relativePath": "pic"
  },
  "a4eb1362-8df9-41a2-a324-932e318ffaf5": {
    "asset": 1496294652494,
    "meta": 1497254416633,
    "relativePath": "pic\\background_1.jpg"
  },
  "368b1363-2b41-4e44-8324-f1ea2bb47aac": {
    "asset": 1496286033618,
    "meta": 1497254416914,
    "relativePath": "pic\\help_0.jpg"
  },
  "a13b0711-3b0b-4d55-b959-e515013291fe": {
    "asset": 1492524224000,
    "meta": 1497254416993,
    "relativePath": "pic\\help_1.jpg"
  },
  "ba2a90cb-f034-4ec7-b64c-f31d9847b0ec": {
    "asset": 1496286658495,
    "meta": 1497254417682,
    "relativePath": "pic\\logout_0.jpg"
  },
  "8a9a57bd-15c3-463f-ad9a-016d1b715123": {
    "asset": 1496286541099,
    "meta": 1497254417224,
    "relativePath": "pic\\logout_1.jpg"
  },
  "16105990-df44-488b-a7e0-800c49ae3790": {
    "asset": 1489987114000,
    "meta": 1497249058000,
    "relativePath": "pic\\lose.jpg"
  },
  "ee8c729b-8ba9-4f8b-a574-c1d375e0a7de": {
    "asset": 1489932894000,
    "meta": 1497249060000,
    "relativePath": "pic\\progress_bar.jpg"
  },
  "0c311683-3939-4239-b2f4-14c449fb53a6": {
    "asset": 1496235350878,
    "meta": 1497254417553,
    "relativePath": "pic\\start_0.jpg"
  },
  "38629415-471f-4dae-b0e6-f802cba30b8f": {
    "asset": 1496285891006,
    "meta": 1497254417695,
    "relativePath": "pic\\start_1.jpg"
  },
  "9dce0a7c-0660-4aa0-aed3-77a922ed3963": {
    "asset": 1489987098000,
    "meta": 1497249060000,
    "relativePath": "pic\\victory.jpg"
  },
  "f140373e-002e-488e-971d-4390154a58dc": {
    "asset": 1497787341469,
    "meta": 1504074323759,
    "relativePath": "script"
  },
  "e05865ea-771c-49ef-94b1-409fb6053422": {
    "asset": 1494921096534,
    "meta": 1497254417079,
    "relativePath": "pic\\help_2.jpg"
  },
  "27720bec-80b5-4fa1-a1e1-ec6630d0c6c1": {
    "asset": 1494925290000,
    "meta": 1497249068000,
    "relativePath": "script\\start\\s_logout.js"
  },
  "82597be3-8ac9-438a-9d31-5611a3c0cf30": {
    "asset": 1497263377419,
    "meta": 1497263377447,
    "relativePath": "scene\\start.fire"
  },
  "8ac68eb5-8b84-4021-94e9-88f54e074949": {
    "asset": 1494928716000,
    "meta": 1497249066000,
    "relativePath": "script\\start\\help.js"
  },
  "ad71453a-e4f0-4937-a92d-4d1a171beeef": {
    "asset": 1494928546000,
    "meta": 1497249066000,
    "relativePath": "script\\start\\help_back.js"
  },
  "bde88576-97ba-49c9-be60-414081253cbd": {
    "asset": 1497264796521,
    "meta": 1497264796559,
    "relativePath": "scene\\board.fire"
  },
  "e56c932e-4a2f-40e4-84ca-73de0f6dbd09": {
    "asset": 1497169058000,
    "meta": 1497249066000,
    "relativePath": "script\\game\\test.js"
  },
  "21fa0b85-c602-477c-98f9-6e7bc46fd9ff": {
    "asset": 1495099478000,
    "meta": 1497249060000,
    "relativePath": "point_red.prefab"
  },
  "f73c9295-247b-4991-8f90-c6ef841a1617": {
    "asset": 1497082865630,
    "meta": 1497254416749,
    "relativePath": "pic\\background_2.jpg"
  },
  "e235b746-80aa-493d-bc85-944b8f2a3f19": {
    "asset": 1495449384000,
    "meta": 1497249068000,
    "relativePath": "script\\start\\start.js"
  },
  "b68e0de3-2f46-4d3e-847c-25e3ffe34a9a": {
    "asset": 1497787341140,
    "meta": 1504074323756,
    "relativePath": "scene"
  },
  "34d33e40-7895-4f99-9be7-43b74240c54e": {
    "asset": 1497264971840,
    "meta": 1497264971870,
    "relativePath": "scene\\finding.fire"
  },
  "8dab36af-d252-4a9e-917f-dca398b4793a": {
    "asset": 1497787341234,
    "meta": 1504074323762,
    "relativePath": "script\\finding"
  },
  "cea9aae1-9100-4785-8a55-d988358b801a": {
    "asset": 1495449484000,
    "meta": 1497249062000,
    "relativePath": "script\\finding\\back.js"
  },
  "dc9fdc47-82d5-4d0a-8377-7ed324818f68": {
    "asset": 1497787341422,
    "meta": 1504074323770,
    "relativePath": "script\\start"
  },
  "ee127dfc-6b3e-4dfe-bf6a-53eacf7ac778": {
    "asset": 1495452068000,
    "meta": 1497249068000,
    "relativePath": "script\\start\\startload.js"
  },
  "b906cfd8-8e29-4976-add2-b473ed14d24e": {
    "asset": 1497787341328,
    "meta": 1504074323767,
    "relativePath": "script\\lib"
  },
  "d270c5bf-4601-4486-819f-e3b7c9bf0468": {
    "asset": 1495449284000,
    "meta": 1497249066000,
    "relativePath": "script\\lib\\socket.io.js"
  },
  "fb2137a8-4400-436e-a415-0c9df6de25cd": {
    "asset": 1497787341453,
    "meta": 1504074323773,
    "relativePath": "script\\util"
  },
  "04fd0331-c1aa-47ad-8b1f-0804f61d14bc": {
    "asset": 1497179882000,
    "meta": 1497249068000,
    "relativePath": "script\\util\\Global.js"
  },
  "6c757506-757b-404b-926f-f340195883a2": {
    "asset": 1496198514000,
    "meta": 1497249064000,
    "relativePath": "script\\finding\\findingload.js"
  },
  "5343a518-1a34-42a5-b44b-11670bb69456": {
    "asset": 1497787341297,
    "meta": 1504074323765,
    "relativePath": "script\\game"
  },
  "10ae32fa-4cce-4dfe-911f-da132ef9499f": {
    "asset": 1497180552000,
    "meta": 1497249064000,
    "relativePath": "script\\game\\gameManager.js"
  },
  "e275676e-a3b0-4d45-8edf-f241ca2d95a5": {
    "asset": 1496196416000,
    "meta": 1497249068000,
    "relativePath": "script\\util\\Constants.js"
  },
  "c58baa4e-052d-4771-a0bb-8999cf26184b": {
    "asset": 1497787340250,
    "meta": 1504074323751,
    "relativePath": "animations"
  },
  "56ff8214-0154-4b5d-8d12-61b14aef74dc": {
    "asset": 1495871262000,
    "meta": 1497249056000,
    "relativePath": "animations\\info-action.anim"
  },
  "be9ee3ff-31c6-4ea7-b68d-ccdd4b6fa636": {
    "asset": 1497172394000,
    "meta": 1497249066000,
    "relativePath": "script\\game\\progressBarControl.js"
  },
  "f8e6b000-5643-4b86-9080-aa680ce1f599": {
    "asset": 1492491892206,
    "meta": 1504074323180,
    "relativePath": "image"
  },
  "71561142-4c83-4933-afca-cb7a17f67053": {
    "asset": 1490776574000,
    "meta": 1504074323277,
    "relativePath": "image\\default_btn_disabled.png"
  },
  "e851e89b-faa2-4484-bea6-5c01dd9f06e2": {
    "asset": 1490776574000,
    "meta": 1504074323283,
    "relativePath": "image\\default_btn_normal.png"
  },
  "b43ff3c2-02bb-4874-81f7-f2dea6970f18": {
    "asset": 1490776574000,
    "meta": 1504074323291,
    "relativePath": "image\\default_btn_pressed.png"
  },
  "c25b9d50-c8fc-4d27-beeb-6e7c1f2e5c0f": {
    "asset": 1490776574000,
    "meta": 1504074323421,
    "relativePath": "image\\default_toggle_disabled.png"
  },
  "d29077ba-1627-4a72-9579-7b56a235340c": {
    "asset": 1490776574000,
    "meta": 1504074323430,
    "relativePath": "image\\default_toggle_normal.png"
  },
  "b181c1e4-0a72-4a91-bfb0-ae6f36ca60bd": {
    "asset": 1490776574000,
    "meta": 1504074323461,
    "relativePath": "image\\default_toggle_pressed.png"
  },
  "d81ec8ad-247c-4e62-aa3c-d35c4193c7af": {
    "asset": 1490776574000,
    "meta": 1504074323297,
    "relativePath": "image\\default_panel.png"
  },
  "99170b0b-d210-46f1-b213-7d9e3f23098a": {
    "asset": 1490776574000,
    "meta": 1504074323305,
    "relativePath": "image\\default_progressbar_bg.png"
  },
  "cfef78f1-c8df-49b7-8ed0-4c953ace2621": {
    "asset": 1490776574000,
    "meta": 1504074323310,
    "relativePath": "image\\default_progressbar.png"
  },
  "567dcd80-8bf4-4535-8a5a-313f1caf078a": {
    "asset": 1490776574000,
    "meta": 1504074323320,
    "relativePath": "image\\default_radio_button_off.png"
  },
  "9d60001f-b5f4-4726-a629-2659e3ded0b8": {
    "asset": 1490776574000,
    "meta": 1504074323328,
    "relativePath": "image\\default_radio_button_on.png"
  },
  "4bab67cb-18e6-4099-b840-355f0473f890": {
    "asset": 1490776574000,
    "meta": 1504074323338,
    "relativePath": "image\\default_scrollbar_bg.png"
  },
  "617323dd-11f4-4dd3-8eec-0caf6b3b45b9": {
    "asset": 1490776574000,
    "meta": 1504074323343,
    "relativePath": "image\\default_scrollbar_vertical_bg.png"
  },
  "d6d3ca85-4681-47c1-b5dd-d036a9d39ea2": {
    "asset": 1490776574000,
    "meta": 1504074323362,
    "relativePath": "image\\default_scrollbar_vertical.png"
  },
  "0291c134-b3da-4098-b7b5-e397edbe947f": {
    "asset": 1490776574000,
    "meta": 1504074323351,
    "relativePath": "image\\default_scrollbar.png"
  },
  "6e056173-d285-473c-b206-40a7fff5386e": {
    "asset": 1490776574000,
    "meta": 1504074323375,
    "relativePath": "image\\default_sprite.png"
  },
  "0275e94c-56a7-410f-bd1a-fc7483f7d14a": {
    "asset": 1490776574000,
    "meta": 1504074323396,
    "relativePath": "image\\default_sprite_splash.png"
  },
  "fc09f9bd-2cce-4605-b630-8145ef809ed6": {
    "asset": 1492491865247,
    "meta": 1504074323434,
    "relativePath": "misc"
  },
  "2be36297-9abb-4fee-8049-9ed5e271da8a": {
    "asset": 1490776574000,
    "meta": 1490776574000,
    "relativePath": "misc\\default_video.mp4"
  },
  "f6e6dd15-71d1-4ffe-ace7-24fd39942c05": {
    "asset": 1492491870772,
    "meta": 1504074323438,
    "relativePath": "obsolete"
  },
  "b8223619-7e38-47c4-841f-9160c232495a": {
    "asset": 1490776574000,
    "meta": 1490776574000,
    "relativePath": "obsolete\\atom.plist"
  },
  "f743d2b6-b7ea-4c14-a55b-547ed4d0a045": {
    "asset": 1492491865263,
    "meta": 1504074323441,
    "relativePath": "particle"
  },
  "b2687ac4-099e-403c-a192-ff477686f4f5": {
    "asset": 1490776574000,
    "meta": 1490776574000,
    "relativePath": "particle\\atom.plist"
  },
  "ae6c6c98-11e4-452f-8758-75f5c6a56e83": {
    "asset": 1492491903875,
    "meta": 1504074323445,
    "relativePath": "prefab"
  },
  "972b9a4d-47ee-4c74-b5c3-61d8a69bc29f": {
    "asset": 1490776574000,
    "meta": 1504074323457,
    "relativePath": "prefab\\button.prefab"
  },
  "2c937608-2562-40ea-b264-7395df6f0cea": {
    "asset": 1490776574000,
    "meta": 1504074323473,
    "relativePath": "prefab\\canvas.prefab"
  },
  "61aeb05b-3b32-452b-8eed-2b76deeed554": {
    "asset": 1490776574000,
    "meta": 1504074323470,
    "relativePath": "prefab\\editbox.prefab"
  },
  "27756ebb-3d33-44b0-9b96-e858fadd4dd4": {
    "asset": 1490776574000,
    "meta": 1504074323482,
    "relativePath": "prefab\\label.prefab"
  },
  "785a442c-3ceb-45be-a46e-7317f625f3b9": {
    "asset": 1490776574000,
    "meta": 1504074323485,
    "relativePath": "prefab\\layout.prefab"
  },
  "ca8401fe-ad6e-41a8-bd46-8e3e4e9945be": {
    "asset": 1490776574000,
    "meta": 1504074323499,
    "relativePath": "prefab\\pageview.prefab"
  },
  "cd33edea-55f5-46c2-958d-357a01384a36": {
    "asset": 1490776574000,
    "meta": 1504074323495,
    "relativePath": "prefab\\particlesystem.prefab"
  },
  "5965ffac-69da-4b55-bcde-9225d0613c28": {
    "asset": 1490776574000,
    "meta": 1504074323511,
    "relativePath": "prefab\\progressBar.prefab"
  },
  "4a37dd57-78cd-4cec-aad4-f11a73d12b63": {
    "asset": 1490776574000,
    "meta": 1504074323508,
    "relativePath": "prefab\\richtext.prefab"
  },
  "32044bd2-481f-4cf1-a656-e2b2fb1594eb": {
    "asset": 1490776574000,
    "meta": 1504074323520,
    "relativePath": "prefab\\scrollview.prefab"
  },
  "0004d1cf-a0ad-47d8-ab17-34d3db9d35a3": {
    "asset": 1490776574000,
    "meta": 1504074323524,
    "relativePath": "prefab\\slider.prefab"
  },
  "1f55e3be-b89b-4b79-88de-47fd31018044": {
    "asset": 1490776574000,
    "meta": 1504074323533,
    "relativePath": "prefab\\sprite_splash.prefab"
  },
  "96083d03-c332-4a3f-9386-d03e2d19e8ee": {
    "asset": 1490776574000,
    "meta": 1504074323535,
    "relativePath": "prefab\\sprite.prefab"
  },
  "7de03a80-4457-438d-95a7-3e7cdffd6086": {
    "asset": 1490776574000,
    "meta": 1504074323543,
    "relativePath": "prefab\\tiledmap.prefab"
  },
  "0d784963-d024-4ea6-a7db-03be0ad63010": {
    "asset": 1490776574000,
    "meta": 1504074323546,
    "relativePath": "prefab\\toggle.prefab"
  },
  "bf0a434c-84dd-4a8e-a08a-7a36f180cc75": {
    "asset": 1490776574000,
    "meta": 1504074323554,
    "relativePath": "prefab\\toggleGroup.prefab"
  },
  "232d2782-c4bd-4bb4-9e01-909f03d6d3b9": {
    "asset": 1490776574000,
    "meta": 1504074323556,
    "relativePath": "prefab\\videoplayer.prefab"
  },
  "8c5001fd-07ee-4a4b-a8a0-63e15195e94d": {
    "asset": 1490776574000,
    "meta": 1504074323562,
    "relativePath": "prefab\\webview.prefab"
  },
  "73a0903d-d80e-4e3c-aa67-f999543c08f5": {
    "asset": 1490776574000,
    "meta": 1504074323388,
    "relativePath": "image\\default_toggle_checkmark.png"
  },
  "fe47d3b5-adfa-4e95-a382-7655ab6caa83": {
    "asset": 1497265045926,
    "meta": 1497265045949,
    "relativePath": "scene\\win.fire"
  },
  "bd03f486-edd9-4190-bce4-6e8412d9ac0d": {
    "asset": 1497787341515,
    "meta": 1504074323776,
    "relativePath": "script\\win"
  },
  "f63fd608-3eb6-4396-b16d-b8c5a9deb36a": {
    "asset": 1497247974000,
    "meta": 1497249068000,
    "relativePath": "script\\win\\winload.js"
  },
  "85c5e7d7-1a68-4906-ab7d-c627fb68f4c5": {
    "asset": 1497180638000,
    "meta": 1497249068000,
    "relativePath": "script\\win\\backstart.js"
  },
  "aa14e2ae-1a46-4580-a1c6-21fc9cc1d63b": {
    "asset": 1497180670000,
    "meta": 1497249068000,
    "relativePath": "script\\win\\backfind.js"
  },
  "6e44e469-40f2-494f-bb81-6bdf1a070b2f": {
    "asset": 1497256951579,
    "meta": 1497256967572,
    "relativePath": "pic\\matching.jpg"
  },
  "abeb299f-79f2-47e2-b64f-160e15c3337d": {
    "asset": 1497257143764,
    "meta": 1497257146809,
    "relativePath": "pic\\cancel_1.jpg"
  },
  "ebd83e2d-bb39-4dfd-9c9e-06d39dda1911": {
    "asset": 1497020416914,
    "meta": 1497258150422,
    "relativePath": "pic\\chess_big_pink.png"
  },
  "c5fbe3ae-b8cf-4b80-95f6-f200de7719ad": {
    "asset": 1497020828609,
    "meta": 1497258150488,
    "relativePath": "pic\\chess_big_blue.png"
  },
  "3847dabf-191d-4064-a50d-9c0e07be45ba": {
    "asset": 1497020938597,
    "meta": 1497258150635,
    "relativePath": "pic\\chess_mid_blue.png"
  },
  "ba5c0ace-3c4d-4fe3-9535-f4080e96c851": {
    "asset": 1497020696092,
    "meta": 1497258150666,
    "relativePath": "pic\\chess_mid_pink.png"
  },
  "bb6d6400-0b4f-4b19-a3d5-89969aa390a7": {
    "asset": 1497020884960,
    "meta": 1497258150755,
    "relativePath": "pic\\chess_small_blue.png"
  },
  "8962f55a-615d-4ccc-ad68-0fcd7d9ef02f": {
    "asset": 1497020759539,
    "meta": 1497258150766,
    "relativePath": "pic\\chess_small_pink.png"
  },
  "947a7a24-9207-4400-8eff-31208cb960a8": {
    "asset": 1497105273837,
    "meta": 1497258711170,
    "relativePath": "pic\\baffle.png"
  },
  "ace7a44a-2253-4d1b-8c70-32d1f46eb03a": {
    "asset": 1497068573216,
    "meta": 1497258711291,
    "relativePath": "pic\\point_red.png"
  },
  "ce379b97-2b79-475a-8537-d3b292c8dde2": {
    "asset": 1497259597213,
    "meta": 1497259607002,
    "relativePath": "pic\\again.jpg"
  },
  "8d16bfb1-ee9a-4d9d-8cd6-0079b5680e6f": {
    "asset": 1497261273155,
    "meta": 1497261276122,
    "relativePath": "pic\\win.jpg"
  },
  "8956568b-fe01-4993-a5e9-241e5cfafe84": {
    "asset": 1497263675738,
    "meta": 1497263675794,
    "relativePath": "pic\\circle.png"
  },
  "42212f51-e544-4877-8b92-155327958fb2": {
    "asset": 1497263759557,
    "meta": 1497263759586,
    "relativePath": "animations\\circle.prefab"
  },
  "18e64e09-e6a3-453c-9326-5db43bbab2e3": {
    "asset": 1497264683461,
    "meta": 1497264683530,
    "relativePath": "pic\\circle_red.png"
  },
  "27aa9cbc-5b0a-4142-82db-7c92bbd9d776": {
    "asset": 1497264701911,
    "meta": 1497264701921,
    "relativePath": "animations\\circle_red.prefab"
  }
}